,word,encodec,w2v
0,physicians,"['us', 'us', 'us', 'us', 'us']","['ewes', 'ewes', 'physician', 'dresses', 'us']"
1,lacking,"['load', 'angel', 'aid', 'narrow', 'rain']","['mating', 'making', 'making', 'making', 'making']"
2,challoner,"['are', 'are', 'are', 'are', 'are']","['merlin', 'mother', 'mother', 'amount', 'memorandum']"
3,falsehood,"['falls', 'fall', 'soils', 'decision', 'flowed']","['falls', 'faults', 'souls', 'solve', 'souls']"
4,reconciled,"['nile', 'skies', 'rein', 'thereof', 'mosaic']","['collar', 'thaw', 'stair', 'sack', 'arouse']"
5,steely,"['sealing', 'see', 'see', 'see', 'see']","['see', 'see', 'see', 'see', 'see']"
6,ravine,"['me', 'me', 'me', 'inn', 'me']","['lean', 'lean', 'me', 'me', 'me']"
7,strikingly,"['glowing', 'raw', 'only', 'only', 'knowing']","['changing', 'changing', 'semi', 'skinny', 'misuse']"
8,christi,"['pieces', 'pieces', 'soup', 'seasoned', 'streets']","['see', 'see', 'see', 'see', 'see']"
9,felicitations,"['his', 'his', 'his', 'his', 'his']","['sensations', 'sense', 'contingent', 'cities', 'sense']"
10,beach,"['she', 'she', 'she', 'she', 'she']","['sheep', 'speech', 'speech', 'sheep', 'sheep']"
11,gascon,"['all', 'all', 'all', 'all', 'all']","['gone', 'gone', 'gone', 'gone', 'cow']"
12,captives,"['path', 'half', 'hay', 'path', 'cuff']","['forefathers', 'masses', 'consequences', 'hide', 'consequences']"
13,caraway,"['are', 'are', 'are', 'are', 'are']","['prairie', 'aware', 'harry', 'aware', 'aware']"
14,haut,"['hall', 'hall', 'how', 'how', 'how']","['o', 'o', 'o', 'home', 'hope']"
15,appreciated,"['she', 'she', 'she', 'she', 'she']","['created', 'degraded', 'originated', 'created', 'created']"
16,fowl,"['law', 'oil', 'law', 'oil', 'law']","['bough', 'bough', 'cow', 'boughs', 'boughs']"
17,uproarious,"['are', 'are', 'are', 'are', 'are']","['solve', 'rug', 'faults', 'fervor', 'logos']"
18,tait,"['day', 'day', 'day', 'day', 'day']","['hate', 'hate', 'hate', 'hate', 'day']"
19,threads,"['us', 'us', 'us', 'us', 'us']","['dove', 'us', 'us', 'us', 'us']"
20,smoothly,"['little', 'little', 'little', 'little', 'closely']","['smooth', 'smooth', 'sweet', 'sweet', 'sweet']"
21,boiling,"['wrung', 'warm', 'london', 'dialogue', 'hollow']","['boil', 'boil', 'boil', 'boil', 'boil']"
22,perfume,"['cool', 'menus', 'garlic', 'inn', 'firm']","['room', 'room', 'room', 'room', 'room']"
23,perseverance,"['shared', 'share', 'are', 'are', 'error']","['senses', 'descendants', 'accessories', 'aversion', 'races']"
24,trifling,"['avoided', 'trial', 'mainly', 'clearly', 'necessarily']","['rifle', 'fly', 'triumphant', 'clerical', 'repairing']"
25,arabesque,"['are', 'are', 'are', 'are', 'are']","['rout', 'bugbears', 'tiled', 'feather', 'barn']"
26,hypocrites,"['sticks', 'he', 'he', 'he', 'he']","['effete', 'its', 'its', 'its', 'its']"
27,bremer,"['are', 'are', 'are', 'are', 'are']","['murmurs', 'rumor', 'reverend', 'rear', 'her']"
28,paintings,"['shaggy', 'waving', 'painting', 'anything', 'meant']","['me', 'me', 'me', 'me', 'me']"
29,breed,"['be', 'be', 'be', 'be', 'be']","['be', 'be', 'be', 'be', 'be']"
30,necromancy,"['elephant', 'waned', 'game', 'dying', 'in']","['extension', 'man', 'man', 'man', 'lean']"
31,smoked,"['so', 'so', 'so', 'so', 'so']","['sweat', 'fuchs', 'smoking', 'sweet', 'bubbles']"
32,tolled,"['whole', 'whole', 'whole', 'whole', 'whole']","['told', 'told', 'told', 'told', 'told']"
33,pebble,"['whole', 'whole', 'whole', 'whole', 'whole']","['purple', 'purple', 'vial', 'hull', 'call']"
34,hardship,"['her', 'her', 'her', 'her', 'her']","['hide', 'sierra', 'hide', 'reward', 'restored']"
35,murmuring,"['murmur', 'room', 'raw', 'animal', 'rum']","['murmur', 'room', 'room', 'room', 'room']"
36,bowl,"['mould', 'old', 'old', 'all', 'old']","['hull', 'rolled', 'old', 'whirl', 'old']"
37,nodding,"['wrung', 'line', 'line', 'lawn', 'blown']","['on', 'on', 'on', 'on', 'on']"
38,grosser,"['were', 'were', 'were', 'were', 'were']","['restored', 'deserve', 'grows', 'grow', 'or']"
39,depicted,"['it', 'it', 'limpid', 'thicker', 'it']","['deserted', 'interdicted', 'depicting', 'treated', 'interdict']"
40,hanson,"['him', 'him', 'him', 'him', 'hands']","['in', 'in', 'in', 'in', 'in']"
41,metropolitans,"['on', 'on', 'in', 'on', 'in']","['senses', 'metaphysical', 'sentiment', 'circles', 'on']"
42,troubling,"['struggling', 'una', 'mama', 'showing', 'number']","['the', 'the', 'the', 'the', 'the']"
43,frontiers,"['philosophers', 'philosophers', 'reform', 'refer', 'refusing']","['armies', 'fifth', 'senses', 'teacher', 'fantasies']"
44,sprawling,"['all', 'all', 'all', 'all', 'all']","['small', 'small', 'small', 'small', 'long']"
45,clams,"['wines', 'wines', 'wines', 'wine', 'wine']","['wines', 'wines', 'wines', 'class', 'cells']"
46,bustle,"['up', 'up', 'up', 'up', 'up']","['bells', 'buffalo', 'robust', 'mall', 'solve']"
47,cowpunchers,"['charges', 'bushes', 'finished', 'finished', 'sure']","['spouse', 'structure', 'scriptures', 'hours', 'crawfish']"
48,scarf,"['us', 'us', 'us', 'us', 'us']","['bliss', 'stock', 'breath', 'path', 'breath']"
49,intermezzo,"['narrow', 'in', 'in', 'in', 'noon']","['senses', 'beloved', 'mosaic', 'remonstrances', 'attendance']"
50,temperate,"['her', 'her', 'her', 'her', 'her']","['lamp', 'her', 'her', 'her', 'unpopular']"
51,magical,"['ragged', 'villagers', 'nail', 'jaws', 'staggering']","['mating', 'geometrical', 'grandeur', 'semi', 'moral']"
52,fillmore,"['wines', 'wine', 'wines', 'wine', 'wall']","['more', 'level', 'more', 'more', 'walls']"
53,mittens,"['meaning', 'in', 'new', 'knew', 'in']","['aidan', 'simmonds', 'in', 'in', 'in']"
54,exacted,"['a', 'icy', 'rising', 'a', 'a']","['its', 'its', 'its', 'its', 'its']"
55,floating,"['invading', 'line', 'a', 'unsolved', 'in']","['load', 'glued', 'looming', 'breeding', 'gold']"
56,appointment,"['suppressed', 'reception', 'post', 'bright', 'return']","['drainage', 'marriage', 'complained', 'bun', 'meantime']"
57,monstrosities,"['honour', 'arouses', 'arouse', 'essentially', 'reside']","['masses', 'mosses', 'mosses', 'offences', 'slices']"
58,unmeaning,"['men', 'men', 'men', 'men', 'blooming']","['union', 'means', 'means', 'means', 'means']"
59,satisfactorily,"['out', 'out', 'out', 'out', 'out']","['satisfied', 'satisfied', 'satisfied', 'satisfied', 'satisfied']"
60,volcanic,"['antioch', 'rushing', 'common', 'wings', 'indicate']","['ink', 'antioch', 'camel', 'bohemian', 'hypnotic']"
61,ramble,"['were', 'were', 'render', 'were', 'were']","['raw', 'moulds', 'moral', 'rivalry', 'roll']"
62,moistened,"['in', 'in', 'in', 'in', 'in']","['alimony', 'lean', 'lean', 'wound', 'bun']"
63,fraid,"['guard', 'forever', 'arc', 'version', 'o']","['fire', 'fire', 'fought', 'fire', 'fight']"
64,moines,"['wayne', 'reign', 'iona', 'reign', 'iona']","['reign', 'wayne', 'reign', 'groans', 'rome']"
65,fetid,"['had', 'had', 'had', 'had', 'had']","['gifted', 'guttered', 'feathered', 'fed', 'vivid']"
66,sadness,"['his', 'his', 'bags', 'his', 'his']","['says', 'says', 'said', 'said', 'said']"
67,crags,"['line', 'high', 'bank', 'chaparral', 'eye']","['hair', 'fairy', 'crash', 'flag', 'hair']"
68,recollect,"['upright', 'back', 'wrapped', 'out', 'guard']","['rifle', 'frolic', 'gentile', 'repairing', 'racks']"
69,worshiping,"['raw', 'war', 'former', 'war', 'known']","['be', 'be', 'be', 'be', 'be']"
70,legitimate,"['jim', 'deliver', 'related', 'little', 'although']","['the', 'the', 'the', 'the', 'the']"
71,darning,"['our', 'our', 'our', 'our', 'our']","['earn', 'earn', 'murmur', 'rhyme', 'wrung']"
72,hi,"['i', 'i', 'i', 'i', 'i']","['i', 'i', 'i', 'i', 'i']"
73,locusts,"['us', 'us', 'us', 'us', 'us']","['cells', 'us', 'us', 'us', 'us']"
74,decoration,"['chef', 'chef', 'chefs', 'shave', 'market']","['earn', 'earn', 'revered', 'direction', 'reputation']"
75,establish,"['a', 'a', 'a', 'a', 'a']","['a', 'a', 'a', 'a', 'a']"
76,wagons,"['dying', 'ball', 'men', 'knowledge', 'men']","['bag', 'wives', 'wives', 'bag', 'beloved']"
77,phil,"['hof', 'hof', 'whole', 'whole', 'whole']","['of', 'of', 'of', 'of', 'of']"
78,moccasins,"['toss', 'destined', 'schloss', 'sins', 'basis']","['cost', 'sofa', 'silk', 'consisted', 'recesses']"
79,hither,"['her', 'her', 'her', 'her', 'her']","['her', 'her', 'her', 'her', 'her']"
80,stereos,"['theory', 'are', 'narrow', 'are', 'or']","['jersey', 'existing', 'babies', 'gazes', 'narrowed']"
81,rubble,"['all', 'all', 'all', 'all', 'all']","['hull', 'rolled', 'ball', 'ball', 'robe']"
82,dalliance,"['man', 'man', 'man', 'man', 'man']","['mell', 'lying', 'ounces', 'gallant', 'alimony']"
83,canvas,"['us', 'us', 'us', 'us', 'us']","['franks', 'professes', 'trice', 'gazes', 'stem']"
84,designing,"['narrow', 'in', 'in', 'in', 'in']","['in', 'in', 'in', 'in', 'in']"
85,smelt,"['sleeps', 'is', 'is', 'is', 'is']","['sees', 'saw', 'saw', 'saw', 'saw']"
86,bows,"['eye', 'eye', 'eye', 'our', 'our']","['bells', 'boughs', 'boughs', 'boughs', 'bough']"
87,carpets,"['broth', 'her', 'her', 'up', 'her']","['card', 'card', 'arts', 'cars', 'cars']"
88,conjured,"['our', 'our', 'our', 'our', 'our']","['restored', 'rout', 'enraged', 'matter', 'matter']"
89,pastime,"['ice', 'sunshine', 'thaw', 'alley', 'wrong']","['path', 'path', 'time', 'time', 'time']"
90,estimates,"['distinctions', 'pessimistic', 'sympathetic', 'list', 'seeks']","['pessimistic', 'insist', 'as', 'as', 'as']"
91,saxon,"['affecting', 'saints', 'since', 'saxons', 'desperately']","['senses', 'saints', 'thence', 'fantasies', 'icy']"
92,magnetism,"['morrel', 'morrel', 'inhale', 'in', 'in']","['senses', 'in', 'in', 'sentiment', 'in']"
93,friar,"['air', 'air', 'air', 'air', 'air']","['fire', 'fire', 'fire', 'fire', 'fire']"
94,gloat,"['lay', 'lay', 'lay', 'lay', 'lay']","['load', 'loathe', 'low', 'little', 'little']"
95,trubner,"['her', 'her', 'her', 'her', 'her']","['her', 'her', 'her', 'her', 'her']"
96,lassitude,"['leagues', 'intensity', 'souls', 'alternative', 'sacred']","['recesses', 'contingent', 'thousand', 'suns', 'assistant']"
97,inhabit,"['head', 'empire', 'head', 'empire', 'empire']","['hide', 'hide', 'hand', 'africa', 'hypatia']"
98,mustering,"['in', 'in', 'in', 'in', 'in']","['muster', 'string', 'warning', 'sutter', 'the']"
99,churchwardens,"['drawer', 'profession', 'prediction', 'ensured', 'orgy']","['ward', 'jordan', 'which', 'vengeance', 'readers']"
100,blackens,"['buns', 'buns', 'buns', 'buns', 'uns']","['balls', 'uns', 'bun', 'offences', 'buns']"
101,savour,"['ere', 'rearward', 'vision', 'thy', 'your']","['duties', 'reviewers', 'features', 'stage', 'rave']"
102,fragments,"['from', 'from', 'my', 'from', 'my']","['fervor', 'forces', 'form', 'form', 'form']"
103,mask,"['eye', 'eye', 'inn', 'inn', 'man']","['task', 'task', 'schismatics', 'staff', 'matched']"
104,jews,"['you', 'you', 'you', 'you', 'you']","['use', 'use', 'use', 'use', 'trees']"
105,swayed,"['see', 'view', 'see', 'see', 'see']","['gage', 'seas', 'receive', 'waste', 'fated']"
106,entreated,"['had', 'had', 'had', 'had', 'had']","['treated', 'treated', 'did', 'did', 'did']"
107,gully,"['la', 'little', 'little', 'little', 'little']","['little', 'little', 'little', 'little', 'little']"
108,telephone,"['all', 'all', 'all', 'all', 'all']","['poodle', 'loaf', 'poodle', 'hof', 'hulking']"
109,snugly,"['heal', 'blade', 'use', 'trees', 'need']","['misuse', 'seas', 'limit', 'suns', 'descendants']"
110,corresponding,"['steady', 'space', 'finely', 'oath', 'mention']","['morsel', 'composed', 'amount', 'sponsa', 'solve']"
111,sonnet,"['some', 'some', 'some', 'some', 'some']","['amount', 'sauce', 'sauce', 'sunrise', 'on']"
112,pots,"['popped', 'hope', 'loft', 'gifted', 'hope']","['fuchs', 'poets', 'thoughts', 'loft', 'popped']"
113,holders,"['hull', 'superiors', 'forth', 'bewildered', 'letters']","['level', 'deserve', 'hide', 'forefathers', 'fantasies']"
114,grain,"['warm', 'dry', 'german', 'adding', 'day']","['reign', 'earn', 'reign', 'earn', 'reign']"
115,attaining,"['hay', 'hay', 'maid', 'aim', 'alley']","['deity', 'bean', 'bean', 'matting', 'pyncheon']"
116,luxuriously,"['revered', 'nearly', 'angry', 'o', 'were']","['load', 'duties', 'variously', 'variously', 'tedious']"
117,automaton,"['on', 'on', 'on', 'on', 'on']","['on', 'on', 'on', 'on', 'on']"
118,projecting,"['rushed', 'can', 'adjust', 'can', 'can']","['fearing', 'fearing', 'beg', 'beg', 'determining']"
119,agility,"['day', 'day', 'you', 'day', 'beer']","['deity', 'dough', 'duty', 'matting', 'beer']"
120,dusty,"['dusk', 'say', 'say', 'say', 'say']","['icy', 'saints', 'busy', 'scantily', 'dingy']"
121,stationmaster,"['ann', 'ann', 'ann', 'mention', 'mention']","['facing', 'facing', 'mustache', 'estimation', 'sisters']"
122,downwards,"['ally', 'lawyers', 'milborough', 'rank', 'eh']","['down', 'down', 'down', 'down', 'down']"
123,pickets,"['kept', 'stick', 'picket', 'stick', 'kept']","['picket', 'kick', 'ticket', 'ticket', 'gifted']"
124,spruce,"['sell', 'sell', 'serge', 'use', 'forests']","['sources', 'serge', 'recesses', 'suit', 'suit']"
125,banjo,"['eh', 'end', 'eh', 'end', 'emperor']","['rear', 'barren', 'memorandum', 'birthday', 'band']"
126,dares,"['are', 'are', 'are', 'are', 'are']","['dared', 'use', 'a', 'a', 'vapours']"
127,boast,"['foe', 'road', 'gorge', 'gorge', 'roof']","['post', 'toast', 'toast', 'toast', 'post']"
128,indulge,"['all', 'all', 'all', 'all', 'all']","['dull', 'old', 'dull', 'metal', 'old']"
129,epilepsy,"['me', 'me', 'me', 'me', 'me']","['opposite', 'nile', 'difficult', 'twelfth', 'alimony']"
130,grouped,"['rude', 'rudely', 'group', 'withdrew', 'oak']","['group', 'group', 'groups', 'grew', 'grew']"
131,editions,"['attribute', 'june', 'musical', 'arrange', 'an']","['vision', 'vision', 'visions', 'visions', 'reduce']"
132,prancing,"['remind', 'rang', 'climax', 'second', 'fixing']","['facing', 'facing', 'dancing', 'existing', 'brine']"
133,badgers,"['vouch', 'warrior', 'marriage', 'rigid', 'prayer']","['beer', 'matter', 'prayers', 'prayers', 'matter']"
134,fee,"['you', 'you', 'you', 'you', 'you']","['faith', 'ease', 'faith', 'faith', 'feel']"
135,dock,"['out', 'out', 'out', 'out', 'out']","['rock', 'rock', 'rock', 'rock', 'rock']"
136,urania,"['manly', 'army', 'rain', 'mine', 'raw']","['rain', 'remind', 'memorandum', 'manly', 'e']"
137,twister,"['for', 'for', 'for', 'for', 'for']","['twisted', 'quiver', 'twisted', 'twisted', 'boisterous']"
138,historical,"['who', 'who', 'who', 'who', 'who']","['quaffed', 'gold', 'gold', 'whole', 'whole']"
139,caisson,"['tahoe', 'on', 'aim', 'line', 'me']","['on', 'on', 'on', 'on', 'on']"
140,containing,"['in', 'in', 'in', 'in', 'in']","['han', 'continue', 'regaining', 'in', 'in']"
141,irrelevantly,"['organ', 'angry', 'darling', 'laurel', 'annually']","['roman', 'nile', 'beloved', 'waverley', 'rumbling']"
142,sighted,"['seen', 'seen', 'a', 'a', 'a']","['said', 'said', 'said', 'said', 'said']"
143,l,"['all', 'all', 'all', 'all', 'all']","['all', 'all', 'all', 'all', 'all']"
144,administrator,"['admire', 'wagon', 'reeling', 'machine', 'green']","['witted', 'reduce', 'misuse', 'limit', 'mating']"
145,citron,"['should', 'should', 'should', 'should', 'should']","['serge', 'sense', 'sense', 'sense', 'sense']"
146,requested,"['bar', 'drizzle', 'ushered', 'papers', 'devoted']","['quest', 'quest', 'quest', 'affecting', 'suppressed']"
147,approvingly,"['aid', 'ability', 'longingly', 'borrowing', 'line']","['longingly', 'wonderingly', 'comfortingly', 'knowingly', 'foreman']"
148,gaping,"['be', 'be', 'be', 'king', 'be']","['be', 'be', 'neat', 'agreeing', 'ink']"
149,diligent,"['admitted', 'meant', 'notice', 'length', 'eleventh']","['entity', 'descendants', 'tendency', 'minute', 'dint']"
150,compassionate,"['pass', 'action', 'pass', 'pass', 'reception']","['hand', 'hand', 'hand', 'hand', 'hand']"
151,opens,"['wall', 'wall', 'wall', 'all', 'old']","['open', 'open', 'open', 'open', 'open']"
152,reared,"['year', 'year', 'year', 'year', 'year']","['revered', 'ear', 'ear', 'weird', 'ear']"
153,beam,"['mean', 'mean', 'mean', 'need', 'you']","['bean', 'bean', 'be', 'be', 'be']"
154,afresh,"['she', 'she', 'she', 'she', 'she']","['fresh', 'fresh', 'fresh', 'fresh', 'flesh']"
155,liberated,"['am', 'rear', 'am', 'am', 'our']","['the', 'the', 'gifted', 'the', 'the']"
156,tyrants,"['sense', 'sense', 'rods', 'sense', 'announcement']","['arts', 'facts', 'since', 'senseless', 'saints']"
157,ramparts,"['our', 'raw', 'our', 'our', 'our']","['raw', 'ours', 'ours', 'ours', 'harbor']"
158,troop,"['to', 'to', 'to', 'to', 'to']","['group', 'groups', 'group', 'through', 'through']"
159,mapped,"['man', 'man', 'man', 'man', 'man']","['hemmed', 'knocked', 'knocked', 'leaped', 'met']"
160,wickedly,"['we', 'we', 'we', 'we', 'we']","['be', 'vindicated', 'weakly', 'be', 'be']"
161,echoing,"['in', 'in', 'in', 'in', 'in']","['bean', 'bean', 'billowing', 'removing', 'meaning']"
162,moselle,"['salad', 'salad', 'salad', 'salad', 'salad']","['nuova', 'well', 'well', 'well', 'nuova']"
163,steering,"['fear', 'fear', 'year', 'main', 'year']","['see', 'see', 'see', 'see', 'see']"
164,heel,"['lee', 'he', 'he', 'he', 'he']","['he', 'he', 'hew', 'he', 'he']"
165,statue,"['upright', 'sadly', 'fetch', 'button', 'citizen']","['stature', 'stature', 'esther', 'stock', 'posture']"
166,hillside,"['iona', 'iona', 'e', 'hindmost', 'bonus']","['ledge', 'gentile', 'hills', 'dress', 'exiles']"
167,bitterness,"['advance', 's', 'justin', 'stay', 'rags']","['fanatics', 'institutions', 'theirs', 'possession', 'demands']"
168,blossom,"['him', 'him', 'him', 'him', 'him']","['lava', 'lava', 'thaw', 'wall', 'blossoms']"
169,cowboys,"['won', 'mell', 'boys', 'yell', 'waved']","['boys', 'awls', 'boys', 'vial', 'wives']"
170,halfpenny,"['had', 'had', 'had', 'had', 'had']","['half', 'half', 'half', 'half', 'half']"
171,beholds,"['whole', 'whole', 'whole', 'whole', 'whole']","['hold', 'hold', 'hold', 'hold', 'hold']"
172,diced,"['bay', 'ice', 'shave', 'eddy', 'mayonnaise']","['stage', 'stage', 'stage', 'state', 'state']"
173,civilian,"['the', 'the', 'the', 'the', 'in']","['the', 'the', 'the', 'the', 'the']"
174,rhodes,"['theirs', 'garlic', 'you', 'river', 'you']","['roads', 'dough', 'balls', 'deserve', 'romans']"
175,wider,"['le', 'our', 'our', 'our', 'are']","['her', 'her', 'her', 'her', 'her']"
176,cliffs,"['us', 'us', 'us', 'us', 'us']","['us', 'us', 'us', 'us', 'us']"
177,drunkard,"['room', 'room', 'yard', 'room', 'room']","['cupboard', 'gorge', 'gorge', 'drunk', 'ogre']"
178,dissatisfied,"['head', 'ladder', 'head', 'head', 'head']","['satisfied', 'satisfied', 'satisfied', 'satisfied', 'satisfied']"
179,spain,"['stream', 'fain', 'solved', 'masses', 'moorings']","['stream', 'pain', 'pain', 'vain', 'fantasies']"
180,carker,"['are', 'are', 'are', 'are', 'are']","['her', 'her', 'her', 'her', 'her']"
181,performance,"['from', 'from', 'from', 'from', 'from']","['reform', 'for', 'for', 'for', 'for']"
182,medals,"['laurel', 'bill', 'barrel', 'wheels', 'dull']","['awls', 'settle', 'suns', 'sold', 'senses']"
183,stunted,"['considerable', 'vegetated', 'savage', 'losing', 'to']","['sylvan', 'sofa', 'misuse', 'assistant', 'deserted']"
184,scar,"['eye', 'eye', 'eye', 'wax', 'sighed']","['secesh', 'frost', 'sauce', 'frost', 'scum']"
185,ungrateful,"['una', 'line', 'e', 'anger', 'in']","['ink', 'fruitful', 'great', 'great', 'contingent']"
186,clews,"['use', 'use', 'flew', 'use', 'use']","['was', 'was', 'ghoul', 'was', 'flew']"
187,eventually,"['onion', 'view', 'roll', 'van', 'indian']","['in', 'in', 'in', 'in', 'in']"
188,cordial,"['or', 'or', 'or', 'or', 'or']","['roar', 'coal', 'whirl', 'whirl', 'coal']"
189,abeyance,"['grant', 'grant', 'ring', 'day', 'band']","['beings', 'beings', 'inn', 'inn', 'beings']"
190,nancy,"['in', 'in', 'in', 'in', 'in']","['senses', 'man', 'man', 'man', 'man']"
191,distinctively,"['ceiling', 'schloss', 'pleasing', 'fully', 'dainty']","['indistinct', 'existing', 'indistinctly', 'instinctive', 'league']"
192,trusses,"['us', 'us', 'us', 'us', 'us']","['us', 'us', 'us', 'us', 'us']"
193,songs,"['us', 'home', 'raw', 'groan', 'us']","['balls', 'size', 'collins', 'us', 'fantasies']"
194,artificial,"['barrel', 'yard', 'overwhelming', 'reviewer', 'hell']","['hell', 'hell', 'hell', 'hell', 'scriptures']"
195,ampler,"['them', 'them', 'them', 'them', 'them']","['man', 'man', 'man', 'man', 'man']"
196,occupying,"['my', 'my', 'my', 'my', 'my']","['higher', 'occupied', 'occupied', 'occupied', 'occupied']"
197,ebionites,"['i', 'e', 'i', 'i', 'i']","['foetus', 'udder', 'avail', 'indians', 'onion']"
198,charwoman,"['him', 'hour', 'him', 'him', 'him']","['bun', 'them', 'reward', 'them', 'them']"
199,resident,"['wrung', 'mosaic', 'wry', 'bells', 'build']","['memorandum', 'gentile', 'roses', 'sense', 'sense']"
200,raising,"['raw', 'leading', 'engineer', 'mere', 'main']","['facing', 'facing', 'mating', 'ringing', 'in']"
201,recognise,"['i', 'i', 'i', 'i', 'e']","['repairing', 'recognizes', 'presided', 'frenzy', 'exiles']"
202,polychrome,"['all', 'all', 'all', 'all', 'all']","['pommel', 'pommel', 'wealth', 'metaphorical', 'foul']"
203,egoism,"['in', 'in', 'in', 'in', 'in']","['league', 'easy', 'jingo', 'easy', 'union']"
204,curling,"['learned', 'earlier', 'learn', 'learned', 'grew']","['blooming', 'newly', 'looming', 'rum', 'rulers']"
205,deteriorations,"['age', 'age', 'age', 'age', 'age']","['drainage', 'invaders', 'choose', 'deviations', 'deterioration']"
206,chewed,"['she', 'she', 'she', 'she', 'she']","['choose', 'choose', 'should', 'should', 'should']"
207,alma,"['all', 'all', 'all', 'all', 'all']","['law', 'law', 'law', 'law', 'law']"
208,generations,"['commissioned', 'june', 'feverishly', 'confusion', 'shadows']","['leash', 'situation', 'situation', 'hand', 'hand']"
209,grumbled,"['pommel', 'pommel', 'haul', 'borrowing', 'wink']","['pommel', 'pommel', 'walked', 'walked', 'walked']"
210,joys,"['oil', 'oil', 'theirs', 'theirs', 'oil']","['joy', 'joy', 'joy', 'dough', 'oil']"
211,seriousness,"['serious', 'is', 'is', 'is', 'is']","['sense', 'sutter', 'sense', 'as', 'as']"
212,buttony,"['knelt', 'e', 'openly', 'rouse', 'bore']","['butler', 'butler', 'buttoned', 'bony', 'semi']"
213,neath,"['he', 'he', 'he', 'he', 'he']","['need', 'need', 'need', 'need', 'need']"
214,wilt,"['will', 'will', 'will', 'will', 'will']","['will', 'will', 'will', 'will', 'will']"
215,periodical,"['ladder', 'year', 'deal', 'year', 'highway']","['theological', 'mosaic', 'theology', 'polar', 'rout']"
216,refractory,"['re', 'your', 're', 'your', 'your']","['free', 'free', 'free', 'freed', 'for']"
217,countenanced,"['softness', 'son', 'son', 'tent', 'some']","['discontented', 'saxons', 'chiselled', 'canst', 'senseless']"
218,vintage,"['addition', 'did', 'did', 'did', 'did']","['the', 'the', 'the', 'the', 'the']"
219,magdalen,"['una', 'in', 'e', 'in', 'in']","['man', 'man', 'man', 'man', 'man']"
220,sear,"['are', 'are', 'daring', 'are', 'are']","['see', 'see', 'see', 'see', 'see']"
221,brig,"['river', 'river', 'river', 'river', 'river']","['beer', 'breathe', 'wake', 'brethren', 'jig']"
222,heady,"['he', 'he', 'he', 'he', 'he']","['head', 'aidan', 'head', 'he', 'head']"
223,background,"['arms', 'unconsciously', 'asking', 'chat', 'arms']","['ground', 'ground', 'ground', 'ground', 'ground']"
224,wears,"['aware', 'aware', 'aware', 'aware', 'aware']","['aware', 'aware', 'aware', 'aware', 'aware']"
225,destination,"['in', 'in', 'in', 'in', 'in']","['in', 'in', 'in', 'in', 'in']"
226,strangeness,"['she', 'she', 'she', 'she', 'she']","['suspicion', 'suspicion', 'serge', 'assumes', 'secesh']"
227,criticisms,"['in', 'in', 'in', 'in', 'in']","['felicitous', 'offences', 'system', 'senses', 'his']"
228,grimly,"['arrange', 'when', 'mere', 'when', 'when']","['only', 'only', 'only', 'only', 'only']"
229,jeering,"['union', 'aid', 'borrowing', 'union', 'muttering']","['drainage', 'mating', 'january', 'january', 'onion']"
230,stube,"['should', 'should', 'she', 'should', 'should']","['chew', 'judicial', 'ship', 'restored', 'view']"
231,valued,"['dog', 'ninety', 'ninety', 'bags', 'you']","['avail', 'divided', 'divided', 'divided', 'divided']"
232,easter,"['use', 'use', 'use', 'use', 'year']","['ear', 'ear', 'ear', 'ear', 'ear']"
233,divides,"['regards', 'robber', 'dollars', 'of', 'of']","['divided', 'divided', 'divided', 'divided', 'divided']"
234,trucks,"['shot', 'us', 'us', 'syrtis', 'syrtis']","['shrimps', 'trap', 'trap', 'trap', 'rocks']"
235,alaska,"['valley', 'valley', 'valley', 'level', 'valley']","['tahoe', 'africa', 'africa', 'hide', 'sierra']"
236,meaner,"['mere', 'mere', 'near', 'meaning', 'mating']","['meaning', 'meaning', 'meaning', 'union', 'mean']"
237,noses,"['ill', 'avoided', 'his', 'his', 'was']","['roses', 'his', 'roses', 'his', 'those']"
238,kenton,"['in', 'content', 'in', 'in', 'in']","['in', 'norman', 'norman', 'and', 'in']"
239,lice,"['all', 'all', 'all', 'all', 'law']","['eyes', 'loss', 'eyes', 'slice', 'cells']"
240,sandwiches,"['she', 'she', 'she', 'she', 'she']","['saints', 'senses', 'slices', 'slices', 'facing']"
241,canisters,"['canister', 'day', 'soils', 'day', 'centre']","['answers', 'answers', 'answers', 'ministers', 'accessories']"
242,intruder,"['fury', 'kneading', 'arena', 'looming', 'usually']","['aversion', 'revered', 'cruise', 'reduce', 'serge']"
243,unfastening,"['in', 'in', 'in', 'in', 'in']","['attending', 'sounding', 'secesh', 'suns', 'evincing']"
244,extricating,"['yankee', 'yankee', 'indicate', 'had', 'had']","['ink', 'communicating', 'eddying', 'yankees', 'yankees']"
245,baulked,"['all', 'all', 'all', 'all', 'all']","['walk', 'walk', 'walk', 'walk', 'all']"
246,pinch,"['to', 'to', 'pang', 'penned', 'head']","['contingent', 'pennons', 'intention', 'dint', 'tendency']"
247,arctic,"['had', 'had', 'rope', 'glared', 'had']","['birket', 'fuchs', 'crept', 'kick', 'popped']"
248,enjoyed,"['in', 'in', 'in', 'in', 'in']","['enjoy', 'avail', 'and', 'freed', 'and']"
249,purging,"['her', 'her', 'her', 'her', 'her']","['reigned', 'emerging', 'narrating', 'feud', 'plaiting']"
250,depended,"['a', 'in', 'a', 'had', 'a']","['handed', 'divided', 'headed', 'divided', 'avail']"
251,archaeologist,"['are', 'are', 'are', 'daylight', 'are']","['archaeology', 'archaeology', 'algae', 'slices', 'gazes']"
252,pastry,"['lay', 'lay', 'yeast', 'yeast', 'mildew']","['teepee', 'aidan', 'hasty', 'trees', 'peas']"
253,hypocritical,"['picket', 'hurt', 'hidden', 'color', 'glared']","['clerical', 'a', 'a', 'a', 'a']"
254,wielded,"['little', 'little', 'little', 'little', 'little']","['sealed', 'will', 'will', 'will', 'will']"
255,horace,"['horse', 'horse', 'horse', 'horse', 'horse']","['house', 'house', 'house', 'house', 'house']"
256,druidism,"['converted', 'conversion', 'noon', 'moving', 'control']","['limit', 'rudely', 'revered', 'roses', 'earn']"
257,improve,"['two', 'proved', 'prove', 'two', 'two']","['prove', 'prove', 'proved', 'move', 'proved']"
258,toasted,"['toast', 'toast', 'toast', 'toast', 'to']","['tuition', 'toast', 'choose', 'toast', 'attested']"
259,educating,"['indian', 'indian', 'indian', 'indian', 'indian']","['aidan', 'eddying', 'ink', 'vindicated', 'contingent']"
260,shouldst,"['she', 'she', 'she', 'she', 'she']","['should', 'should', 'should', 'should', 'should']"
261,overlooking,"['raw', 'womb', 'only', 'only', 'only']","['over', 'over', 'over', 'over', 'over']"
262,customary,"['e', 'air', 'enables', 'air', 'ear']","['rear', 'engineer', 'very', 'very', 'very']"
263,dramatize,"['i', 'i', 'i', 'i', 'i']","['rout', 'wry', 'curse', 'e', 'aghast']"
264,foreigners,"['her', 'her', 'her', 'her', 'her']","['owner', 'hours', 'rhymes', 'elders', 'former']"
265,curl,"['her', 'her', 'her', 'her', 'her']","['earn', 'occur', 'earn', 'girl', 'pearls']"
266,confirmation,"['raw', 'national', 'hunter', 'incarnation', 'warrior']","['earn', 'bunch', 'murmur', 'definitions', 'glowing']"
267,badger,"['ushered', 'i', 'i', 'i', 'i']","['red', 'leisure', 'band', 'bag', 'buren']"
268,piously,"['e', 'i', 'i', 'i', 'how']","['higher', 'sadly', 'highly', 'casus', 'foul']"
269,discernment,"['an', 'an', 'an', 'in', 'an']","['sunrise', 'string', 'dress', 'sutter', 'merlin']"
270,riders,"['drive', 'drive', 'ride', 'were', 'were']","['revered', 'readers', 'fervor', 'rise', 'rise']"
271,amazed,"['kneading', 'man', 'man', 'man', 'man']","['age', 'wheezed', 'age', 'age', 'mating']"
272,norfolk,"['north', 'north', 'north', 'north', 'north']","['moral', 'polar', 'welfare', 'orthodox', 'beloved']"
273,benign,"['on', 'on', 'on', 'on', 'on']","['line', 'man', 'man', 'nine', 'man']"
274,rut,"['rough', 'our', 'our', 'our', 'our']","['quaffed', 'rock', 'rug', 'rough', 'rough']"
275,flushing,"['information', 'shop', 'shop', 'incarnation', 'footing']","['flame', 'flame', 'slush', 'leash', 'fantasies']"
276,coop,"['who', 'who', 'who', 'too', 'who']","['group', 'league', 'two', 'two', 'two']"
277,porous,"['are', 'are', 'are', 'are', 'were']","['poor', 'poor', 'poor', 'poor', 'wealth']"
278,displacing,"['possessed', 'says', 'says', 'smithy', 'base']","['saints', 'his', 'his', 'his', 'his']"
279,pioneer,"['are', 'very', 'very', 'are', 'very']","['near', 'near', 'near', 'near', 'near']"
280,impetuously,"['ceiling', 'oil', 'assent', 'stevie', 'oil']","['fantasies', 'superiors', 'centuries', 'glance', 'scriptures']"
281,instruments,"['us', 'us', 'us', 'us', 'us']","['us', 'us', 'us', 'us', 'us']"
282,deriving,"['union', 'reign', 'e', 'eye', 'i']","['arrive', 'repairing', 'lying', 'divide', 'divided']"
283,robs,"['rubbed', 'rubbed', 'right', 'right', 'bar']","['rod', 'rod', 'owes', 'owe', 'rubbed']"
284,grandam,"['man', 'e', 'man', 'man', 'man']","['man', 'man', 'man', 'man', 'man']"
285,thighs,"['eyes', 'eyes', 'eyes', 'eyes', 'eyes']","['eyes', 'eyes', 'eyes', 'eyes', 'eyes']"
286,coffins,"['charm', 'promise', 'cook', 'plane', 'collect']","['coffee', 'cliff', 'cost', 'cost', 'crust']"
287,nameless,"['mens', 'sins', 'in', 'learned', 'in']","['limit', 'semi', 'definitions', 'in', 'in']"
288,pipes,"['rusks', 'rusks', 'hide', 'hide', 'jetty']","['us', 'us', 'us', 'us', 'us']"
289,suspenders,"['christmas', 'christmas', 'christmas', 'christmases', 'christmas']","['his', 'his', 'his', 'his', 'his']"
290,basil,"['lemon', 'oil', 'lemon', 'oil', 'lemon']","['novel', 'vessels', 'balls', 'castle', 'vessel']"
291,alabama,"['on', 'on', 'on', 'on', 'on']","['mall', 'on', 'on', 'on', 'on']"
292,gesticulating,"['distinctly', 'ticks', 'ticking', 'survey', 'the']","['sticking', 'the', 'the', 'the', 'the']"
293,chiefs,"['she', 'she', 'she', 'she', 'she']","['chief', 'chief', 'chief', 'chief', 'chief']"
294,euclid,"['ruby', 'new', 'new', 'new', 'new']","['weakly', 'view', 'teacher', 'union', 'ruling']"
295,capitol,"['solved', 'solve', 'hide', 'rolled', 'empire']","['cowmen', 'cow', 'bath', 'helena', 'capital']"
296,transition,"['dish', 'possessions', 'national', 'dish', 'in']","['enraged', 'his', 'his', 'his', 'mosaic']"
297,consistency,"['instance', 'since', 'seeds', 'since', 'since']","['slices', 'slices', 'slices', 'misuse', 'consisted']"
298,sagging,"['mean', 'mean', 'man', 'sandy', 'mean']","['sees', 'sees', 'seeing', 'seeing', 'seeing']"
299,talisman,"['lebanon', 'him', 'him', 'salmon', 'him']","['them', 'them', 'bun', 'them', 'them']"
300,cutter,"['her', 'her', 'her', 'her', 'her']","['her', 'her', 'her', 'her', 'her']"
301,woven,"['warm', 'warm', 'warm', 'ball', 'mood']","['womb', 'wave', 'rudely', 'wave', 'ward']"
302,overheard,"['her', 'her', 'her', 'her', 'her']","['over', 'over', 'over', 'over', 'over']"
303,thorn,"['fall', 'groan', 'moan', 'from', 'emigrant']","['warm', 'warm', 'warm', 'warm', 'warm']"
304,woodland,"['the', 'the', 'the', 'the', 'the']","['wooden', 'little', 'little', 'little', 'little']"
305,roast,"['were', 'were', 'were', 'were', 'or']","['row', 'were', 'were', 'were', 'were']"
306,corrosive,"['were', 'were', 'were', 'were', 'were']","['fertile', 'fertile', 'serge', 'murderous', 'grows']"
307,passport,"['talent', 'penalty', 'tower', 'cash', 'price']","['price', 'talks', 'pour', 'ploughed', 'accidental']"
308,ingrained,"['in', 'in', 'in', 'in', 'in']","['in', 'in', 'in', 'in', 'in']"
309,sequins,"['brazen', 'sent', 'see', 'seen', 'since']","['seeks', 'seeks', 'senses', 'saints', 'since']"
310,bates,"['aid', 'stacy', 'stacy', 'stacy', 'stacy']","['phoebe', 'fate', 'phoebe', 'phoebe', 'fate']"
311,endorses,"['existing', 'honour', 'basis', 'owes', 'using']","['recesses', 'sources', 'wheels', 'adorned', 'differences']"
312,sharpness,"['chef', 'chef', 'chefs', 'should', 'stretched']","['sharp', 'sharp', 'sharp', 'sharp', 'sharp']"
313,cape,"['keep', 'keep', 'keep', 'keep', 'keep']","['keep', 'keep', 'keep', 'keep', 'keep']"
314,snatching,"['adjust', 'avenue', 'in', 'una', 'i']","['stretching', 'hemmed', 'letting', 'tracing', 'had']"
315,blissful,"['little', 'little', 'little', 'little', 'little']","['little', 'little', 'little', 'little', 'little']"
316,patriarch,"['rear', 'were', 'surely', 'were', 'were']","['tartaric', 'hair', 'gifted', 'petrifying', 'kick']"
317,revolt,"['old', 'old', 'old', 'old', 'old']","['ghoul', 'will', 'will', 'mood', 'will']"
318,famine,"['vine', 'eh', 'dome', 'am', 'am']","['chapman', 'memorandum', 'man', 'man', 'feather']"
319,cosy,"['hole', 'will', 'will', 'will', 'will']","['queens', 'school', 'frolic', 'fellows', 'abalone']"
320,funny,"['me', 'me', 'me', 'exactly', 'me']","['money', 'money', 'money', 'fun', 'money']"
321,sunburnt,"['settler', 'pardon', 'button', 'organ', 'on']","['earn', 'earn', 'unborn', 'beloved', 'honored']"
322,slant,"['ascent', 'i', 'signs', 'i', 'lined']","['lined', 'lance', 'loaf', 'ascent', 'slain']"
323,darker,"['our', 'our', 'our', 'our', 'our']","['dark', 'dark', 'dark', 'dark', 'dark']"
324,allegorical,"['all', 'all', 'all', 'all', 'all']","['moral', 'moral', 'moral', 'vial', 'moral']"
325,bravery,"['warrior', 'raw', 'river', 'river', 'drawer']","['dormitory', 'poorer', 'beer', 'warrior', 'reveries']"
326,watcher,"['george', 'george', 'george', 'clarke', 'queried']","['water', 'water', 'water', 'water', 'water']"
327,partitioned,"['she', 'she', 'she', 'she', 'she']","['she', 'she', 'she', 'she', 'she']"
328,undisturbed,"['middle', 'fury', 'domed', 'arena', 'looming']","['domed', 'looming', 'deserted', 'existing', 'league']"
329,admonishing,"['move', 'wrangler', 'end', 'during', 'an']","['manufactured', 'continue', 'bidding', 'selfish', 'evincing']"
330,kirkleatham,"['woollen', 'loaf', 'pressing', 'roll', 'nearly']","['the', 'the', 'the', 'the', 'the']"
331,cerinthus,"['us', 'us', 'us', 'us', 'us']","['fantasies', 'greeks', 'synagogues', 'scriptures', 'profane']"
332,denmark,"['oil', 'raw', 'oil', 'spur', 'latin']","['garlic', 'dough', 'mackerel', 'beer', 'doughnuts']"
333,prudence,"['tense', 'threatened', 'softness', 'swept', 'choose']","['senses', 'curtains', 'curtains', 'remonstrances', 'primroses']"
334,signalizes,"['his', 'his', 'his', 'his', 'his']","['seize', 'seizing', 'seized', 'his', 'his']"
335,slippers,"['soldier', 'sunk', 'serge', 'his', 'distinctly']","['fellows', 'the', 'the', 'the', 'the']"
336,naples,"['lawyers', 'rails', 'milborough', 'eh', 'reigns']","['walls', 'balls', 'walls', 'walls', 'rails']"
337,tapped,"['half', 'half', 'half', 'half', 'half']","['packed', 'packed', 'kept', 'kept', 'kept']"
338,continues,"['you', 'you', 'you', 'you', 'you']","['union', 'mysteries', 'union', 'new', 'new']"
339,handles,"['san', 'pulp', 'rhein', 'oven', 'oven']","['poodle', 'walls', 'poodle', 'howls', 'loaf']"
340,eyelashes,"['i', 'i', 'i', 'i', 'i']","['eyes', 'eyes', 'eyes', 'eyes', 'eyes']"
341,spake,"['say', 'say', 'say', 'say', 'say']","['speak', 'speak', 'speech', 'speak', 'speak']"
342,nymph,"['him', 'him', 'him', 'him', 'him']","['him', 'him', 'him', 'him', 'him']"
343,callimachus,"['cast', 'drive', 'helpless', 'lost', 'hang']","['casus', 'africa', 'africa', 'colossus', 'facts']"
344,worthily,"['newly', 'little', 'little', 'little', 'rulers']","['rudely', 'revered', 'degraded', 'ward', 'newly']"
345,meddle,"['mating', 'warning', 'warrior', 'raw', 'anywhere']","['model', 'battle', 'awls', 'bottle', 'hull']"
346,acre,"['any', 'eight', 'any', 'any', 'any']","['ink', 'league', 'engineer', 'eight', 'any']"
347,tang,"['man', 'man', 'man', 'man', 'man']","['hang', 'sang', 'intend', 'hand', 'hand']"
348,fred,"['for', 'for', 'for', 'for', 'for']","['for', 'chef', 'for', 'chef', 'for']"
349,ardent,"['organ', 'during', 'don', 'don', 'don']","['not', 'not', 'not', 'not', 'not']"
350,seizes,"['release', 'possesses', 'his', 'his', 'simmonds']","['seize', 'seas', 'diseases', 'species', 'sees']"
351,spots,"['us', 'us', 'us', 'us', 'us']","['thoughts', 'thoughts', 'thoughts', 'thoughts', 'thoughts']"
352,questionable,"['oil', 'hall', 'home', 'home', 'home']","['quarrel', 'all', 'quarrel', 'all', 'all']"
353,literality,"['little', 'little', 'little', 'little', 'little']","['little', 'little', 'little', 'little', 'little']"
354,wench,"['way', 'reviewer', 'way', 'way', 'leash']","['leash', 'parish', 'teepee', 'twin', 'me']"
355,clan,"['man', 'man', 'man', 'man', 'man']","['man', 'man', 'man', 'man', 'man']"
356,orbit,"['river', 'river', 'river', 'gorge', 'gorge']","['gorge', 'gorge', 'gorge', 'it', 'it']"
357,squeezed,"['see', 'see', 'see', 'see', 'see']","['sees', 'see', 'see', 'see', 'see']"
358,admirable,"['render', 'lot', 'are', 'are', 'all']","['moral', 'moral', 'moral', 'moral', 'moral']"
359,piglike,"['ph', 'had', 'whipped', 'had', 'had']","['lake', 'ink', 'sage', 'tape', 'sage']"
360,jimmy,"['be', 'be', 'be', 'be', 'be']","['january', 'drainage', 'duties', 'be', 'be']"
361,accepts,"['us', 'sets', 'class', 'us', 'us']","['exiles', 'accept', 'accept', 'exiles', 'except']"
362,ecclesiastic,"['allay', 'is', 'is', 'is', 'is']","['phases', 'sticking', 'education', 'interest', 'exactly']"
363,ancestral,"['sunrise', 'known', 'founded', 'man', 'loves']","['senses', 'external', 'thence', 'mosaic', 'remonstrances']"
364,entirety,"['in', 'in', 'ladder', 'ring', 'ring']","['deity', 'enraged', 'matting', 'rein', 'humanity']"
365,arises,"['were', 'were', 'were', 'were', 'were']","['rise', 'rise', 'rise', 'arose', 'arose']"
366,barracks,"['are', 'are', 'are', 'are', 'are']","['backs', 'backs', 'terrorist', 'franks', 'terrorist']"
367,dwell,"['a', 'a', 'a', 'a', 'a']","['well', 'well', 'well', 'well', 'well']"
368,gripped,"['quick', 'trip', 'quick', 'dost', 'quick']","['grip', 'trip', 'whipped', 'picked', 'picked']"
369,presaged,"['chand', 'should', 'shifted', 'to', 'should']","['secesh', 'serge', 'recesses', 'betwixt', 'discouraged']"
370,damn,"['had', 'had', 'have', 'have', 'had']","['am', 'am', 'am', 'am', 'am']"
371,agrees,"['easy', 'year', 'you', 'greedy', 'you']","['agree', 'degree', 'degree', 'use', 'use']"
372,hereditary,"['her', 'her', 'her', 'her', 'her']","['her', 'her', 'her', 'her', 'her']"
373,cheap,"['she', 'she', 'she', 'she', 'she']","['chief', 'chief', 'leash', 'chief', 'jig']"
374,hissed,"['his', 'his', 'his', 'his', 'his']","['he', 'he', 'he', 'he', 'he']"
375,mineral,"['morrel', 'murmur', 'morrel', 'wrung', 'a']","['moral', 'external', 'animal', 'mosaic', 'middle']"
376,jar,"['are', 'are', 'i', 'i', 'are']","['driver', 'borrow', 'driver', 'driver', 'stars']"
377,execute,"['could', 'could', 'could', 'could', 'could']","['keep', 'keep', 'keep', 'keep', 'keep']"
378,patrick,"['cuthbert', 'tara', 'backs', 'architects', 'back']","['path', 'path', 'path', 'path', 'path']"
379,diocese,"['senses', 'address', 'skies', 'seditious', 'sighed']","['justice', 'justice', 'secesh', 'discussed', 'dress']"
380,demonstration,"['nazarenes', 'deny', 'romans', 'sentence', 'summons']","['estimation', 'magistrate', 'magistrate', 'instrument', 'navigation']"
381,haunt,"['home', 'home', 'home', 'hof', 'home']","['hot', 'hot', 'hot', 'hot', 'hot']"
382,larva,"['are', 'are', 'are', 'are', 'are']","['awe', 'law', 'law', 'law', 'law']"
383,dismounted,"['merlin', 'lance', 'signs', 'mounting', 'sounding']","['mounted', 'amount', 'enchanted', 'optimist', 'sticking']"
384,pyre,"['her', 'her', 'her', 'her', 'her']","['fire', 'fire', 'fire', 'fire', 'fire']"
385,cayenne,"['hay', 'inn', 'lemon', 'inn', 'salmon']","['helen', 'ann', 'ann', 'ann', 'hay']"
386,forbearance,"['rarer', 'formulas', 'order', 'varied', 'primary']","['earn', 'adrift', 'rum', 'revered', 'adorned']"
387,lantern,"['reign', 'him', 'him', 'iona', 'him']","['him', 'him', 'him', 'him', 'him']"
388,sinewy,"['indian', 'indian', 'indian', 'indian', 'indian']","['bee', 'teepee', 'sees', 'aidan', 'sees']"
389,jagged,"['shaded', 'mating', 'image', 'had', 'had']","['dead', 'dead', 'dead', 'dead', 'dead']"
390,spectator,"['critics', 'chapters', 'tedious', 'misuse', 'preface']","['expecting', 'sincerity', 'backed', 'invaders', 'stock']"
391,flitted,"['it', 'it', 'it', 'it', 'it']","['deserted', 'flew', 'of', 'of', 'lids']"
392,surgery,"['or', 'or', 'or', 'or', 'or']","['sutter', 'serge', 'deserved', 'deserved', 'reviewers']"
393,pales,"['hoe', 'rows', 'daylight', 'have', 'veil']","['rows', 'of', 'of', 'of', 'of']"
394,usurping,"['seated', 'soon', 'soon', 'soon', 'soon']","['fearing', 'fearing', 'seated', 'sought', 'earnest']"
395,counter,"['ride', 'have', 'have', 'have', 'have']","['countless', 'muster', 'capture', 'pear', 'turn']"
396,tirade,"['are', 'red', 'are', 'red', 'red']","['revered', 'hair', 'threadbare', 'hair', 'hair']"
397,icebergs,"['curiously', 'male', 'ride', 'ghost', 'weeks']","['oysters', 'space', 'herbs', 'space', 'rocks']"
398,concentration,"['morsel', 'sunrise', 'incarnation', 'predictions', 'cousins']","['consummation', 'sensations', 'sunrise', 'manipulation', 'sense']"
399,cutting,"['tartaric', 'and', 'and', 'in', 'in']","['king', 'ink', 'cut', 'king', 'cut']"
400,tingled,"['the', 'the', 'the', 'the', 'the']","['mingled', 'mingled', 'mingled', 'mingled', 'tinkled']"
401,grappling,"['were', 'were', 'were', 'were', 'were']","['growling', 'prop', 'trampling', 'whirling', 'backed']"
402,disorder,"['or', 'or', 'or', 'or', 'or']","['beer', 'reviewer', 'dresser', 'dormitory', 'jersey']"
403,oxygen,"['hot', 'odd', 'hot', 'rock', 'shot']","['chapman', 'gazes', 'talks', 'clock', 'sounding']"
404,trade,"['tree', 'tree', 'tree', 'tree', 'tree']","['tree', 'tree', 'tree', 'tree', 'tree']"
405,zoologist,"['edges', 'gazelle', 'all', 'says', 'all']","['gazelle', 'television', 'older', 'older', 'ambulances']"
406,lizy,"['wonder', 'le', 'awls', 'christie', 'cynthy']","['leash', 'scenes', 'boy', 'lily', 'indies']"
407,ashes,"['chef', 'chef', 'chefs', 'shave', 'shaved']","['recesses', 'secesh', 'finches', 'measures', 'sources']"
408,glorification,"['origin', 'origin', 'share', 'morals', 'friendships']","['pyncheon', 'creation', 'creation', 'pyncheon', 'shady']"
409,crevassed,"['forests', 'forests', 'forests', 'ah', 'high']","['last', 'last', 'last', 'last', 'last']"
410,horrors,"['warrior', 'horror', 'raw', 'rarer', 'were']","['horror', 'horror', 'horror', 'horror', 'horror']"
411,cursing,"['tent', 'lay', 'lay', 'court', 'sharp']","['curses', 'sutter', 'secluded', 'crest', 'recovering']"
412,archbishop,"['egypt', 'egypt', 'sure', 'stirrups', 'church']","['scriptures', 'bishop', 'bishop', 'turkish', 'synagogues']"
413,asura,"['are', 'are', 'are', 'are', 'are']","['shore', 'shore', 'assure', 'poorer', 'door']"
414,russian,"['she', 'she', 'she', 'she', 'she']","['egyptian', 'rubbish', 'precious', 'earn', 'fresh']"
415,acres,"['or', 'or', 'or', 'or', 'or']","['icy', 'pages', 'tunes', 'his', 'his']"
416,laborers,"['oil', 'oil', 'butterfly', 'mortar', 'owner']","['ewes', 'ewes', 'reviewer', 'lose', 'reviews']"
417,ruskin,"['wondering', 'on', 'dragon', 'em', 'on']","['wines', 'wines', 'wines', 'bunch', 'saunter']"
418,vehicles,"['engineer', 'a', 'in', 'a', 'a']","['wheels', 'gables', 'cubicles', 'queens', 'daily']"
419,rufus,"['feud', 'does', 'does', 'was', 'was']","['was', 'was', 'was', 'was', 'was']"
420,exchanged,"['she', 'she', 'she', 'she', 'she']","['changed', 'changing', 'change', 'change', 'change']"
421,contrive,"['try', 'try', 'tried', 'try', 'try']","['try', 'try', 'tried', 'try', 'try']"
422,baffling,"['queried', 'clarke', 'pushing', 'elevator', 'problems']","['lamp', 'frolic', 'beloved', 'lasted', 'powell']"
423,rejects,"['vouch', 'raw', 'organized', 'casts', 'rich']","['scantily', 'assessed', 'facts', 'bites', 'site']"
424,astir,"['sir', 'sir', 'sir', 'river', 'sir']","['bun', 'spur', 'bur', 'reward', 'cetera']"
425,unhappily,"['high', 'valley', 'willing', 'tahoe', 'he']","['heavy', 'unhappy', 'heavy', 'happy', 'happy']"
426,deftly,"['faded', 'teeth', 'shadows', 'teeth', 'sliced']","['feverishly', 'weakly', 'slush', 'bliss', 'leash']"
427,hamer,"['her', 'her', 'her', 'her', 'her']","['her', 'her', 'her', 'her', 'her']"
428,exasperation,"['murmured', 'murmured', 'drawer', 'information', 'vladimir']","['adoration', 'fantasies', 'extension', 'objection', 'prediction']"
429,affords,"['wines', 'wines', 'wines', 'hours', 'garlic']","['hours', 'forefathers', 'hours', 'hours', 'hours']"
